customer_id,tenure_months,monthly_charges,support_tickets,contract_type,payment_method,has_addons,churned
C001,2,78.50,4,month-to-month,electronic-check,false,1
C002,36,54.00,0,one-year,bank-transfer,true,0
C003,8,92.10,3,month-to-month,electronic-check,false,1
C004,48,61.20,1,two-year,credit-card,true,0
C005,14,75.00,2,month-to-month,credit-card,true,0
C006,5,88.40,6,month-to-month,electronic-check,false,1
C007,27,59.90,1,one-year,bank-transfer,true,0
C008,63,45.50,0,two-year,credit-card,true,0
C009,11,83.00,5,month-to-month,electronic-check,false,1
C010,19,69.75,2,one-year,credit-card,false,0
C011,3,99.00,7,month-to-month,electronic-check,false,1
C012,42,57.25,0,two-year,bank-transfer,true,0
C013,22,72.30,3,one-year,electronic-check,true,0
C014,7,91.80,4,month-to-month,credit-card,false,1
C015,55,49.95,1,two-year,bank-transfer,true,0
C016,16,80.10,2,month-to-month,electronic-check,true,1
C017,31,64.80,0,one-year,credit-card,true,0
C018,9,86.60,5,month-to-month,electronic-check,false,1
C019,39,58.40,1,two-year,credit-card,true,0
C020,13,77.20,3,month-to-month,bank-transfer,false,1
C021,25,66.00,1,one-year,credit-card,true,0
C022,4,94.25,6,month-to-month,electronic-check,false,1
C023,46,52.80,0,two-year,bank-transfer,true,0
C024,18,73.90,2,month-to-month,credit-card,true,0
C025,6,89.10,4,month-to-month,electronic-check,false,1
C026,34,62.10,1,one-year,bank-transfer,true,0
C027,29,67.40,2,one-year,credit-card,false,0
C028,10,84.75,5,month-to-month,electronic-check,false,1
C029,51,50.25,0,two-year,credit-card,true,0
C030,15,79.60,3,month-to-month,electronic-check,true,1

